Age x,n,nDx,nDxi,R^{-i},l_x,_np_x,nqx,nax,*e_x^0,*np_x^{-i},nqx_i,*l_x^{-i},ndx_i,*nax^{-i},L,T,*e_x^{-i},diff,year,sex,causa
0,1,273,1,1,1e+05,0.9891,0.0109,0.07,74.69,0.9892,0.0108,1e+05,1083.249,0.0745,98997,7631781,76.32,1.63,2019,m,Homicidio
1,4,46,1,0.98,98913,0.9982,0.0018,1.62,74.51,0.9982,0.0018,98917,178.108,1.6201,395243,7532784,76.15,1.64,2019,m,Homicidio
5,5,28,1,0.96,98731,0.999,0.001,2.5,70.65,0.999,0.001,98739,99.463,2.5,493445,7137540,72.29,1.64,2019,m,Homicidio
10,5,36,0,1,98628,0.9987,0.0013,2.5,65.72,0.9987,0.0013,98639,129.89,2.5,492871,6644096,67.36,1.64,2019,m,Homicidio
15,5,156,46,0.71,98498,0.9945,0.0055,2.5,60.8,0.9961,0.0039,98509,385.496,2.502,491584,6151225,62.44,1.64,2019,m,Homicidio
20,5,320,110,0.66,97952,0.9885,0.0115,2.5,56.13,0.9924,0.0076,98124,744.409,2.505,488762,5659641,57.68,1.55,2019,m,Homicidio
25,5,335,152,0.55,96821,0.9871,0.0129,2.5,51.75,0.9929,0.0071,97379,687.576,2.5073,485183,5170880,53.1,1.35,2019,m,Homicidio
30,5,340,141,0.59,95573,0.985,0.015,2.5,47.4,0.9912,0.0088,96692,852.29,2.5078,481335,4685697,48.46,1.06,2019,m,Homicidio
35,5,344,114,0.67,94138,0.9823,0.0177,2.5,43.08,0.9882,0.0118,95840,1135.337,2.5073,476368,4204362,43.87,0.79,2019,m,Homicidio
40,5,400,102,0.74,92476,0.9783,0.0217,2.5,38.81,0.9838,0.0162,94704,1533.765,2.507,469697,3727994,39.36,0.56,2019,m,Homicidio
45,5,428,88,0.79,90471,0.9766,0.0234,2.5,34.61,0.9814,0.0186,93170,1735.316,2.5061,461524,3258297,34.97,0.36,2019,m,Homicidio
50,5,474,51,0.89,88354,0.9711,0.0289,2.5,30.38,0.9742,0.0258,91435,2359.879,2.5039,451285,2796773,30.59,0.2,2019,m,Homicidio
55,5,582,35,0.94,85803,0.9588,0.0412,2.5,26.21,0.9613,0.0387,89075,3451.577,2.5031,436758,2345487,26.33,0.12,2019,m,Homicidio
60,5,740,15,0.98,82270,0.9355,0.0645,2.5,22.23,0.9367,0.0633,85624,5417.186,2.5017,414584,1908729,22.29,0.06,2019,m,Homicidio
65,5,860,5,0.99,76961,0.9023,0.0977,2.5,18.59,0.9028,0.0972,80206,7795.548,2.5007,381549,1494145,18.63,0.04,2019,m,Homicidio
70,5,925,8,0.99,69439,0.8661,0.1339,2.5,15.33,0.8672,0.1328,72411,9617.252,2.5015,338026,1112596,15.37,0.03,2019,m,Homicidio
75,5,1024,5,1,60142,0.8,0.2,2.5,12.32,0.8009,0.1991,62794,12501.392,2.5013,282731,774570,12.34,0.02,2019,m,Homicidio
80,5,996,1,1,48116,0.6979,0.3021,2.5,9.77,0.6982,0.3018,50292,15178.232,2.5004,213522,491839,9.78,0.01,2019,m,Homicidio
85,,1348,1,1,33582,0,1,,7.92,0,1,35114,35114.034,,278317,278317,7.93,0.01,2019,m,Homicidio
0,1,192,1,0.99,1e+05,0.992,0.008,0.08,81.62,0.9921,0.0079,1e+05,793.176,0.0755,99267,8173199,81.73,0.11,2019,f,Homicidio
1,4,36,0,1,99203,0.9985,0.0015,1.51,81.28,0.9985,0.0015,99207,149.601,1.5098,396455,8073932,81.38,0.11,2019,f,Homicidio
5,5,18,0,1,99053,0.9993,7e-04,2.5,77.4,0.9993,7e-04,99057,71.846,2.5,495106,7677477,77.51,0.11,2019,f,Homicidio
10,5,20,0,1,98981,0.9992,8e-04,2.5,72.45,0.9992,8e-04,98985,76.279,2.5,494736,7182371,72.56,0.11,2019,f,Homicidio
15,5,42,7,0.84,98905,0.9984,0.0016,2.5,67.51,0.9987,0.0013,98909,128.514,2.5003,494224,6687635,67.61,0.11,2019,f,Homicidio
20,5,63,10,0.84,98751,0.9977,0.0023,2.5,62.61,0.998,0.002,98781,194.427,2.5005,493417,6193411,62.7,0.09,2019,f,Homicidio
25,5,66,5,0.92,98520,0.9974,0.0026,2.5,57.75,0.9976,0.0024,98586,237.439,2.5002,492337,5699994,57.82,0.07,2019,f,Homicidio
30,5,69,5,0.93,98264,0.997,0.003,2.5,52.9,0.9972,0.0028,98349,274.683,2.5003,491057,5207656,52.95,0.06,2019,f,Homicidio
35,5,105,6,0.94,97968,0.995,0.005,2.5,48.05,0.9953,0.0047,98074,460.181,2.5004,489220,4716599,48.09,0.04,2019,f,Homicidio
40,5,140,6,0.96,97480,0.9931,0.0069,2.5,43.28,0.9934,0.0066,97614,642.467,2.5004,486463,4227379,43.31,0.03,2019,f,Homicidio
45,5,190,6,0.97,96810,0.9903,0.0097,2.5,38.56,0.9906,0.0094,96971,912.927,2.5004,482575,3740916,38.58,0.02,2019,f,Homicidio
50,5,249,1,1,95869,0.9855,0.0145,2.5,33.91,0.9856,0.0144,96058,1384.499,2.5001,476831,3258341,33.92,0.01,2019,f,Homicidio
55,5,356,1,1,94482,0.976,0.024,2.5,29.37,0.976,0.024,94674,2268.308,2.5001,467699,2781510,29.38,0.01,2019,f,Homicidio
60,5,490,2,1,92212,0.9597,0.0403,2.5,25.03,0.9598,0.0402,92406,3710.129,2.5002,452754,2313811,25.04,0.01,2019,f,Homicidio
65,5,564,1,1,88495,0.9395,0.0605,2.5,20.98,0.9396,0.0604,88696,5354.452,2.5001,430092,1861057,20.98,0,2019,f,Homicidio
70,5,667,0,1,83143,0.9083,0.0917,2.5,17.17,0.9083,0.0917,83341,7645.284,2.5,397592,1430965,17.17,0,2019,f,Homicidio
75,5,762,0,1,75516,0.8585,0.1415,2.5,13.65,0.8585,0.1415,75696,10714.681,2.5,351692,1033373,13.65,0,2019,f,Homicidio
80,5,900,0,1,64827,0.7491,0.2509,2.5,10.49,0.7491,0.2509,64981,16303.648,2.5,284146,681680,10.49,0,2019,f,Homicidio
85,,1564,0,1,48562,0,1,,8.17,0,1,48677,48677.459,,397534,397534,8.17,0,2019,f,Homicidio
